_id,LogPath,ModelPath,Log,Model,Monolithic,Decomposition,RecomposeStrategy,LogCreationStrategy,PreferBorderTransitions,AddConflictOnlyOnce,UseHideAndReduceAbstraction,GlobalDurationThreshold,LocalDurationThreshold,LogMoveCost,ModelMoveCost,RelativeIntervalThreshold,AbsoluteIntervalThreshold,MaxConflictThreshold,AlignmentPercentageThreshold,MaxIterationThreshold,CostIntervalLo,CostIntervalHi,FitnessLo,FitnessHi,Aligned,ToAlign,Rejected,TotalTraces,RecompositionStepsTaken,TotalTimeTaken,feasible,net_strategy_short,log_strategy_short,strategy_short,time_gain,fastest
1,../data/synthetic/2018-05-01_small/net1/net1-10-10.xes.gz,../data/synthetic/2018-05-01_small/net1/net1.apnml,net1-10-10,net1,False,sese_25,All conflicts,Group by conflicts,False,True,True,900000,80000,10,4,100,0,100,100,200,9.046,9.046,0.9886547771339704,0.9886547771339704,1000,0,0,1000,2,89.117,True,All,IC,All - IC,7.908000000000001,False
0,../data/synthetic/2018-05-01_small/net1/net1-10-10.xes.gz,../data/synthetic/2018-05-01_small/net1/net1.apnml,net1-10-10,net1,False,sese_25,Merge conflict graph,Group by conflicts,False,True,True,900000,80000,10,4,100,0,100,100,200,9.046,9.046,0.9886547771,0.9886547771,1000,0,0,1000,15,123.193,True,MCG,IC,MCG - IC,7.908000000000001,False
1,../data/synthetic/2018-05-01_small/net1/net1-10-10.xes.gz,../data/synthetic/2018-05-01_small/net1/net1.apnml,net1-10-10,net1,True,,Monolithic,Monolithic,False,False,False,-1,-1,-1,-1,-1,-1,-1,-1,-1,9.046000000000014,9.046000000000014,,,1000,-1,-1,1000,-1,161.68,True,Monolithic,Monolithic,Monolithic,7.908000000000001,False
1,../data/synthetic/2018-05-01_small/net1/net1-10-10.xes.gz,../data/synthetic/2018-05-01_small/net1/net1.apnml,net1-10-10,net1,False,sese_25,Most frequent conflicts,Group by conflicts,False,True,True,900000,80000,10,4,100,0,100,100,200,9.046,9.046,0.9886547771339704,0.9886547771339704,1000,0,0,1000,40,304.683,True,MFC,IC,MFC - IC,7.908000000000001,False
1,../data/synthetic/2018-05-01_small/net1/net1-10-10.xes.gz,../data/synthetic/2018-05-01_small/net1/net1.apnml,net1-10-10,net1,False,sese_25,Random conflicts,Group by conflicts,False,True,True,900000,80000,10,4,100,0,100,100,200,9.046,9.046,0.9886547771339704,0.9886547771339704,1000,0,0,1000,7,64.319,True,Random,IC,Random - IC,7.908000000000001,False
0,../data/synthetic/2018-05-01_small/net1/net1-10-10.xes.gz,../data/synthetic/2018-05-01_small/net1/net1.apnml,net1-10-10,net1,False,sese_25,Score-based,Strict exclude by conflicts,False,True,True,900000,80000,10,4,100,0,100,100,200,9.046,9.046,0.9886547771339704,0.9886547771339704,1000,0,0,1000,5,74.932,True,Balanced,SIC,Balanced - SIC,7.908000000000001,False
0,../data/synthetic/2018-05-01_small/net1/net1-10-10.xes.gz,../data/synthetic/2018-05-01_small/net1/net1.apnml,net1-10-10,net1,False,sese_25,Top one most frequent conflicts set,Strict exclude by conflicts,False,True,True,900000,80000,10,4,100,0,100,100,200,9.046,9.046,0.9886547771339704,0.9886547771339704,1000,0,0,1000,32,121.884,True,MFCS-1,SIC,MFCS-1 - SIC,7.908000000000001,False
0,../data/synthetic/2018-05-01_small/net1/net1-10-10.xes.gz,../data/synthetic/2018-05-01_small/net1/net1.apnml,net1-10-10,net1,False,sese_25,Top ten most frequent conflicts set,Strict exclude by conflicts,False,True,True,900000,80000,10,4,100,0,100,100,200,9.046,9.046,0.9886547771339704,0.9886547771339704,1000,0,0,1000,6,56.411,True,MFCS-10,SIC,MFCS-10 - SIC,7.908000000000001,True
0,../data/synthetic/2018-05-01_small/net1/net1-10-10.xes.gz,../data/synthetic/2018-05-01_small/net1/net1.apnml,net1-10-10,net1,False,sese_25,Top three most frequent conflicts set,Strict exclude by conflicts,False,True,True,900000,80000,10,4,100,0,100,100,200,9.046,9.046,0.9886547771339704,0.9886547771339704,1000,0,0,1000,13,76.214,True,MFCS-3,SIC,MFCS-3 - SIC,7.908000000000001,False
2,../data/synthetic/2018-05-01_small/net1/net1-10-60.xes.gz,../data/synthetic/2018-05-01_small/net1/net1.apnml,net1-10-60,net1,False,sese_25,All conflicts,Group by conflicts,False,True,True,900000,80000,10,4,100,0,100,100,200,39.948,39.948,0.950253415189968,0.950253415189968,1000,0,0,1000,2,306.315,True,All,IC,All - IC,12.47999999999999,False
1,../data/synthetic/2018-05-01_small/net1/net1-10-60.xes.gz,../data/synthetic/2018-05-01_small/net1/net1.apnml,net1-10-60,net1,False,sese_25,Merge conflict graph,Group by conflicts,False,True,True,900000,80000,10,4,100,0,100,100,200,39.948,39.948,0.9502534152,0.9502534152,1000,0,0,1000,14,550.758,True,MCG,IC,MCG - IC,12.47999999999999,False
2,../data/synthetic/2018-05-01_small/net1/net1-10-60.xes.gz,../data/synthetic/2018-05-01_small/net1/net1.apnml,net1-10-60,net1,True,,Monolithic,Monolithic,False,False,False,-1,-1,-1,-1,-1,-1,-1,-1,-1,39.947999999999986,39.947999999999986,,,1000,-1,-1,1000,-1,363.473,True,Monolithic,Monolithic,Monolithic,12.47999999999999,False
2,../data/synthetic/2018-05-01_small/net1/net1-10-60.xes.gz,../data/synthetic/2018-05-01_small/net1/net1.apnml,net1-10-60,net1,False,sese_25,Most frequent conflicts,Group by conflicts,False,True,True,900000,80000,10,4,100,0,100,100,200,37.978,79.002,0.9016201138189108,0.9527066236628768,903,97,0,1000,46,900.0,False,MFC,IC,MFC - IC,12.47999999999999,False
2,../data/synthetic/2018-05-01_small/net1/net1-10-60.xes.gz,../data/synthetic/2018-05-01_small/net1/net1.apnml,net1-10-60,net1,False,sese_25,Random conflicts,Group by conflicts,False,True,True,900000,80000,10,4,100,0,100,100,200,39.948,39.948,0.950253415189968,0.950253415189968,1000,0,0,1000,7,450.212,True,Random,IC,Random - IC,12.47999999999999,False
1,../data/synthetic/2018-05-01_small/net1/net1-10-60.xes.gz,../data/synthetic/2018-05-01_small/net1/net1.apnml,net1-10-60,net1,False,sese_25,Score-based,Strict exclude by conflicts,False,True,True,900000,80000,10,4,100,0,100,100,200,39.948,39.948,0.950253415189968,0.950253415189968,1000,0,0,1000,3,250.343,True,Balanced,SIC,Balanced - SIC,12.47999999999999,True
1,../data/synthetic/2018-05-01_small/net1/net1-10-60.xes.gz,../data/synthetic/2018-05-01_small/net1/net1.apnml,net1-10-60,net1,False,sese_25,Top one most frequent conflicts set,Strict exclude by conflicts,False,True,True,900000,80000,10,4,100,0,100,100,200,39.948,39.948,0.950253415189968,0.950253415189968,1000,0,0,1000,18,284.151,True,MFCS-1,SIC,MFCS-1 - SIC,12.47999999999999,False
1,../data/synthetic/2018-05-01_small/net1/net1-10-60.xes.gz,../data/synthetic/2018-05-01_small/net1/net1.apnml,net1-10-60,net1,False,sese_25,Top ten most frequent conflicts set,Strict exclude by conflicts,False,True,True,900000,80000,10,4,100,0,100,100,200,39.948,39.948,0.950253415189968,0.950253415189968,1000,0,0,1000,4,271.333,True,MFCS-10,SIC,MFCS-10 - SIC,12.47999999999999,False
1,../data/synthetic/2018-05-01_small/net1/net1-10-60.xes.gz,../data/synthetic/2018-05-01_small/net1/net1.apnml,net1-10-60,net1,False,sese_25,Top three most frequent conflicts set,Strict exclude by conflicts,False,True,True,900000,80000,10,4,100,0,100,100,200,39.948,39.948,0.950253415189968,0.950253415189968,1000,0,0,1000,8,262.823,True,MFCS-3,SIC,MFCS-3 - SIC,12.47999999999999,False
3,../data/synthetic/2018-05-01_small/net1/net1-60-10.xes.gz,../data/synthetic/2018-05-01_small/net1/net1.apnml,net1-60-10,net1,False,sese_25,All conflicts,Group by conflicts,False,True,True,900000,80000,10,4,100,0,100,100,200,59.08,59.08,0.9264488017429194,0.9264488017429194,1000,0,0,1000,2,432.008,True,All,IC,All - IC,6.206000000000017,False
2,../data/synthetic/2018-05-01_small/net1/net1-60-10.xes.gz,../data/synthetic/2018-05-01_small/net1/net1.apnml,net1-60-10,net1,False,sese_25,Merge conflict graph,Group by conflicts,False,True,True,900000,80000,10,4,100,0,100,100,200,59.08,59.08,0.9264488017,0.9264488017,1000,0,0,1000,25,579.54,True,MCG,IC,MCG - IC,6.206000000000017,False
3,../data/synthetic/2018-05-01_small/net1/net1-60-10.xes.gz,../data/synthetic/2018-05-01_small/net1/net1.apnml,net1-60-10,net1,True,,Monolithic,Monolithic,False,False,False,-1,-1,-1,-1,-1,-1,-1,-1,-1,59.07999999999997,59.07999999999997,,,1000,-1,-1,1000,-1,445.582,True,Monolithic,Monolithic,Monolithic,6.206000000000017,False
3,../data/synthetic/2018-05-01_small/net1/net1-60-10.xes.gz,../data/synthetic/2018-05-01_small/net1/net1.apnml,net1-60-10,net1,False,sese_25,Most frequent conflicts,Group by conflicts,False,True,True,900000,80000,10,4,100,0,100,100,200,56.746,292.646,0.6356725801431684,0.9293544973544974,696,304,0,1000,47,900.0,False,MFC,IC,MFC - IC,6.206000000000017,False
3,../data/synthetic/2018-05-01_small/net1/net1-60-10.xes.gz,../data/synthetic/2018-05-01_small/net1/net1.apnml,net1-60-10,net1,False,sese_25,Random conflicts,Group by conflicts,False,True,True,900000,80000,10,4,100,0,100,100,200,59.08,59.08,0.9264488017429194,0.9264488017429194,1000,0,0,1000,6,565.647,True,Random,IC,Random - IC,6.206000000000017,False
2,../data/synthetic/2018-05-01_small/net1/net1-60-10.xes.gz,../data/synthetic/2018-05-01_small/net1/net1.apnml,net1-60-10,net1,False,sese_25,Score-based,Strict exclude by conflicts,False,True,True,900000,80000,10,4,100,0,100,100,200,59.08,59.08,0.9264488017429194,0.9264488017429194,1000,0,0,1000,5,385.505,True,Balanced,SIC,Balanced - SIC,6.206000000000017,True
2,../data/synthetic/2018-05-01_small/net1/net1-60-10.xes.gz,../data/synthetic/2018-05-01_small/net1/net1.apnml,net1-60-10,net1,False,sese_25,Top one most frequent conflicts set,Strict exclude by conflicts,False,True,True,900000,80000,10,4,100,0,100,100,200,59.08,59.08,0.9264488017429194,0.9264488017429194,1000,0,0,1000,41,427.508,True,MFCS-1,SIC,MFCS-1 - SIC,6.206000000000017,False
2,../data/synthetic/2018-05-01_small/net1/net1-60-10.xes.gz,../data/synthetic/2018-05-01_small/net1/net1.apnml,net1-60-10,net1,False,sese_25,Top ten most frequent conflicts set,Strict exclude by conflicts,False,True,True,900000,80000,10,4,100,0,100,100,200,59.08,59.08,0.9264488017429194,0.9264488017429194,1000,0,0,1000,6,391.711,True,MFCS-10,SIC,MFCS-10 - SIC,6.206000000000017,False
2,../data/synthetic/2018-05-01_small/net1/net1-60-10.xes.gz,../data/synthetic/2018-05-01_small/net1/net1.apnml,net1-60-10,net1,False,sese_25,Top three most frequent conflicts set,Strict exclude by conflicts,False,True,True,900000,80000,10,4,100,0,100,100,200,59.08,59.08,0.9264488017429194,0.9264488017429194,1000,0,0,1000,18,401.314,True,MFCS-3,SIC,MFCS-3 - SIC,6.206000000000017,False
6,../data/synthetic/2018-05-01_small/net2/net2-10-10.xes.gz,../data/synthetic/2018-05-01_small/net2/net2.apnml,net2-10-10,net2,False,sese_25,All conflicts,Group by conflicts,False,True,True,900000,80000,10,4,100,0,100,100,200,10.412,10.412,0.987067123764098,0.987067123764098,1000,0,0,1000,2,92.279,True,All,IC,All - IC,2.8930000000000007,False
4,../data/synthetic/2018-05-01_small/net2/net2-10-10.xes.gz,../data/synthetic/2018-05-01_small/net2/net2.apnml,net2-10-10,net2,False,sese_25,Merge conflict graph,Group by conflicts,False,True,True,900000,80000,10,4,100,0,100,100,200,10.412,10.412,0.9870671238,0.9870671238,1000,0,0,1000,15,138.507,True,MCG,IC,MCG - IC,2.8930000000000007,False
6,../data/synthetic/2018-05-01_small/net2/net2-10-10.xes.gz,../data/synthetic/2018-05-01_small/net2/net2.apnml,net2-10-10,net2,True,,Monolithic,Monolithic,False,False,False,-1,-1,-1,-1,-1,-1,-1,-1,-1,10.411999999999999,10.411999999999999,,,1000,-1,-1,1000,-1,170.544,True,Monolithic,Monolithic,Monolithic,2.8930000000000007,False
6,../data/synthetic/2018-05-01_small/net2/net2-10-10.xes.gz,../data/synthetic/2018-05-01_small/net2/net2.apnml,net2-10-10,net2,False,sese_25,Most frequent conflicts,Group by conflicts,False,True,True,900000,80000,10,4,100,0,100,100,200,10.412,10.412,0.987067123764098,0.987067123764098,1000,0,0,1000,48,384.079,True,MFC,IC,MFC - IC,2.8930000000000007,False
6,../data/synthetic/2018-05-01_small/net2/net2-10-10.xes.gz,../data/synthetic/2018-05-01_small/net2/net2.apnml,net2-10-10,net2,False,sese_25,Random conflicts,Group by conflicts,False,True,True,900000,80000,10,4,100,0,100,100,200,10.412,10.412,0.987067123764098,0.987067123764098,1000,0,0,1000,7,112.079,True,Random,IC,Random - IC,2.8930000000000007,False
4,../data/synthetic/2018-05-01_small/net2/net2-10-10.xes.gz,../data/synthetic/2018-05-01_small/net2/net2.apnml,net2-10-10,net2,False,sese_25,Score-based,Strict exclude by conflicts,False,True,True,900000,80000,10,4,100,0,100,100,200,10.412,10.412,0.987067123764098,0.987067123764098,1000,0,0,1000,4,85.524,True,Balanced,SIC,Balanced - SIC,2.8930000000000007,False
4,../data/synthetic/2018-05-01_small/net2/net2-10-10.xes.gz,../data/synthetic/2018-05-01_small/net2/net2.apnml,net2-10-10,net2,False,sese_25,Top one most frequent conflicts set,Strict exclude by conflicts,False,True,True,900000,80000,10,4,100,0,100,100,200,10.412,10.412,0.987067123764098,0.987067123764098,1000,0,0,1000,29,123.124,True,MFCS-1,SIC,MFCS-1 - SIC,2.8930000000000007,False
4,../data/synthetic/2018-05-01_small/net2/net2-10-10.xes.gz,../data/synthetic/2018-05-01_small/net2/net2.apnml,net2-10-10,net2,False,sese_25,Top ten most frequent conflicts set,Strict exclude by conflicts,False,True,True,900000,80000,10,4,100,0,100,100,200,10.412,10.412,0.987067123764098,0.987067123764098,1000,0,0,1000,6,82.631,True,MFCS-10,SIC,MFCS-10 - SIC,2.8930000000000007,True
4,../data/synthetic/2018-05-01_small/net2/net2-10-10.xes.gz,../data/synthetic/2018-05-01_small/net2/net2.apnml,net2-10-10,net2,False,sese_25,Top three most frequent conflicts set,Strict exclude by conflicts,False,True,True,900000,80000,10,4,100,0,100,100,200,10.412,10.412,0.987067123764098,0.987067123764098,1000,0,0,1000,15,86.311,True,MFCS-3,SIC,MFCS-3 - SIC,2.8930000000000007,False
7,../data/synthetic/2018-05-01_small/net2/net2-10-60.xes.gz,../data/synthetic/2018-05-01_small/net2/net2.apnml,net2-10-60,net2,False,sese_25,All conflicts,Group by conflicts,False,True,True,900000,80000,10,4,100,0,100,100,200,42.976,42.976,0.9466209586267715,0.9466209586267715,1000,0,0,1000,2,303.089,True,All,IC,All - IC,20.652999999999963,False
5,../data/synthetic/2018-05-01_small/net2/net2-10-60.xes.gz,../data/synthetic/2018-05-01_small/net2/net2.apnml,net2-10-60,net2,False,sese_25,Merge conflict graph,Group by conflicts,False,True,True,900000,80000,10,4,100,0,100,100,200,42.976,42.976,0.9466209586,0.9466209586,1000,0,0,1000,17,865.432,True,MCG,IC,MCG - IC,20.652999999999963,False
7,../data/synthetic/2018-05-01_small/net2/net2-10-60.xes.gz,../data/synthetic/2018-05-01_small/net2/net2.apnml,net2-10-60,net2,True,,Monolithic,Monolithic,False,False,False,-1,-1,-1,-1,-1,-1,-1,-1,-1,42.976000000000006,42.976000000000006,,,1000,-1,-1,1000,-1,396.599,True,Monolithic,Monolithic,Monolithic,20.652999999999963,False
7,../data/synthetic/2018-05-01_small/net2/net2-10-60.xes.gz,../data/synthetic/2018-05-01_small/net2/net2.apnml,net2-10-60,net2,False,sese_25,Most frequent conflicts,Group by conflicts,False,True,True,900000,80000,10,4,100,0,100,100,200,39.974,84.99,0.8944367850355852,0.950349641663872,895,105,0,1000,55,900.0,False,MFC,IC,MFC - IC,20.652999999999963,False
7,../data/synthetic/2018-05-01_small/net2/net2-10-60.xes.gz,../data/synthetic/2018-05-01_small/net2/net2.apnml,net2-10-60,net2,False,sese_25,Random conflicts,Group by conflicts,False,True,True,900000,80000,10,4,100,0,100,100,200,42.976,42.976,0.9466209586267715,0.9466209586267715,1000,0,0,1000,10,578.938,True,Random,IC,Random - IC,20.652999999999963,False
5,../data/synthetic/2018-05-01_small/net2/net2-10-60.xes.gz,../data/synthetic/2018-05-01_small/net2/net2.apnml,net2-10-60,net2,False,sese_25,Score-based,Strict exclude by conflicts,False,True,True,900000,80000,10,4,100,0,100,100,200,42.976,42.976,0.9466209586267715,0.9466209586267715,1000,0,0,1000,2,269.696,True,Balanced,SIC,Balanced - SIC,20.652999999999963,True
5,../data/synthetic/2018-05-01_small/net2/net2-10-60.xes.gz,../data/synthetic/2018-05-01_small/net2/net2.apnml,net2-10-60,net2,False,sese_25,Top one most frequent conflicts set,Strict exclude by conflicts,False,True,True,900000,80000,10,4,100,0,100,100,200,42.976,42.976,0.9466209586267715,0.9466209586267715,1000,0,0,1000,14,321.143,True,MFCS-1,SIC,MFCS-1 - SIC,20.652999999999963,False
5,../data/synthetic/2018-05-01_small/net2/net2-10-60.xes.gz,../data/synthetic/2018-05-01_small/net2/net2.apnml,net2-10-60,net2,False,sese_25,Top ten most frequent conflicts set,Strict exclude by conflicts,False,True,True,900000,80000,10,4,100,0,100,100,200,42.976,42.976,0.9466209586267715,0.9466209586267715,1000,0,0,1000,3,290.349,True,MFCS-10,SIC,MFCS-10 - SIC,20.652999999999963,False
5,../data/synthetic/2018-05-01_small/net2/net2-10-60.xes.gz,../data/synthetic/2018-05-01_small/net2/net2.apnml,net2-10-60,net2,False,sese_25,Top three most frequent conflicts set,Strict exclude by conflicts,False,True,True,900000,80000,10,4,100,0,100,100,200,42.976,42.976,0.9466209586267715,0.9466209586267715,1000,0,0,1000,7,309.326,True,MFCS-3,SIC,MFCS-3 - SIC,20.652999999999963,False
8,../data/synthetic/2018-05-01_small/net2/net2-60-10.xes.gz,../data/synthetic/2018-05-01_small/net2/net2.apnml,net2-60-10,net2,False,sese_25,All conflicts,Group by conflicts,False,True,True,900000,80000,10,4,100,0,100,100,200,57.276,57.276,0.9317980471540843,0.9317980471540843,1000,0,0,1000,2,439.173,True,All,IC,All - IC,26.237000000000023,False
6,../data/synthetic/2018-05-01_small/net2/net2-60-10.xes.gz,../data/synthetic/2018-05-01_small/net2/net2.apnml,net2-60-10,net2,False,sese_25,Merge conflict graph,Group by conflicts,False,True,True,900000,80000,10,4,100,0,100,100,200,57.276,57.276,0.9317980472,0.9317980472,1000,0,0,1000,22,706.27,True,MCG,IC,MCG - IC,26.237000000000023,False
8,../data/synthetic/2018-05-01_small/net2/net2-60-10.xes.gz,../data/synthetic/2018-05-01_small/net2/net2.apnml,net2-60-10,net2,True,,Monolithic,Monolithic,False,False,False,-1,-1,-1,-1,-1,-1,-1,-1,-1,57.276,57.276,,,1000,-1,-1,1000,-1,453.357,True,Monolithic,Monolithic,Monolithic,26.237000000000023,False
8,../data/synthetic/2018-05-01_small/net2/net2-60-10.xes.gz,../data/synthetic/2018-05-01_small/net2/net2.apnml,net2-60-10,net2,False,sese_25,Most frequent conflicts,Group by conflicts,False,True,True,900000,80000,10,4,100,0,100,100,200,55.421,238.842,0.7155965706120505,0.9340069064062873,763,237,0,1000,59,900.0,False,MFC,IC,MFC - IC,26.237000000000023,False
8,../data/synthetic/2018-05-01_small/net2/net2-60-10.xes.gz,../data/synthetic/2018-05-01_small/net2/net2.apnml,net2-60-10,net2,False,sese_25,Random conflicts,Group by conflicts,False,True,True,900000,80000,10,4,100,0,100,100,200,57.276,57.276,0.9317980471540843,0.9317980471540843,1000,0,0,1000,7,495.59,True,Random,IC,Random - IC,26.237000000000023,False
6,../data/synthetic/2018-05-01_small/net2/net2-60-10.xes.gz,../data/synthetic/2018-05-01_small/net2/net2.apnml,net2-60-10,net2,False,sese_25,Score-based,Strict exclude by conflicts,False,True,True,900000,80000,10,4,100,0,100,100,200,57.276,57.276,0.9317980471540843,0.9317980471540843,1000,0,0,1000,5,394.918,True,Balanced,SIC,Balanced - SIC,26.237000000000023,False
6,../data/synthetic/2018-05-01_small/net2/net2-60-10.xes.gz,../data/synthetic/2018-05-01_small/net2/net2.apnml,net2-60-10,net2,False,sese_25,Top one most frequent conflicts set,Strict exclude by conflicts,False,True,True,900000,80000,10,4,100,0,100,100,200,57.276,57.276,0.9317980471540843,0.9317980471540843,1000,0,0,1000,44,507.216,True,MFCS-1,SIC,MFCS-1 - SIC,26.237000000000023,False
6,../data/synthetic/2018-05-01_small/net2/net2-60-10.xes.gz,../data/synthetic/2018-05-01_small/net2/net2.apnml,net2-60-10,net2,False,sese_25,Top ten most frequent conflicts set,Strict exclude by conflicts,False,True,True,900000,80000,10,4,100,0,100,100,200,57.276,57.276,0.9317980471540843,0.9317980471540843,1000,0,0,1000,8,382.137,True,MFCS-10,SIC,MFCS-10 - SIC,26.237000000000023,False
6,../data/synthetic/2018-05-01_small/net2/net2-60-10.xes.gz,../data/synthetic/2018-05-01_small/net2/net2.apnml,net2-60-10,net2,False,sese_25,Top three most frequent conflicts set,Strict exclude by conflicts,False,True,True,900000,80000,10,4,100,0,100,100,200,57.276,57.276,0.9317980471540843,0.9317980471540843,1000,0,0,1000,16,355.9,True,MFCS-3,SIC,MFCS-3 - SIC,26.237000000000023,True
11,../data/synthetic/2018-05-01_small/net3/net3-10-10.xes.gz,../data/synthetic/2018-05-01_small/net3/net3.apnml,net3-10-10,net3,False,sese_25,All conflicts,Group by conflicts,False,True,True,900000,80000,10,4,100,0,100,100,200,9.868,9.868,0.9878243488346268,0.9878243488346268,1000,0,0,1000,2,103.864,True,All,IC,All - IC,10.615000000000009,False
8,../data/synthetic/2018-05-01_small/net3/net3-10-10.xes.gz,../data/synthetic/2018-05-01_small/net3/net3.apnml,net3-10-10,net3,False,sese_25,Merge conflict graph,Group by conflicts,False,True,True,900000,80000,10,4,100,0,100,100,200,9.868,9.868,0.9878243488,0.9878243488,1000,0,0,1000,20,188.465,True,MCG,IC,MCG - IC,10.615000000000009,False
11,../data/synthetic/2018-05-01_small/net3/net3-10-10.xes.gz,../data/synthetic/2018-05-01_small/net3/net3.apnml,net3-10-10,net3,True,,Monolithic,Monolithic,False,False,False,-1,-1,-1,-1,-1,-1,-1,-1,-1,9.867999999999995,9.867999999999995,,,1000,-1,-1,1000,-1,186.703,True,Monolithic,Monolithic,Monolithic,10.615000000000009,False
11,../data/synthetic/2018-05-01_small/net3/net3-10-10.xes.gz,../data/synthetic/2018-05-01_small/net3/net3.apnml,net3-10-10,net3,False,sese_25,Most frequent conflicts,Group by conflicts,False,True,True,900000,80000,10,4,100,0,100,100,200,9.868,9.868,0.9878243488346268,0.9878243488346268,1000,0,0,1000,47,410.444,True,MFC,IC,MFC - IC,10.615000000000009,False
11,../data/synthetic/2018-05-01_small/net3/net3-10-10.xes.gz,../data/synthetic/2018-05-01_small/net3/net3.apnml,net3-10-10,net3,False,sese_25,Random conflicts,Group by conflicts,False,True,True,900000,80000,10,4,100,0,100,100,200,9.868,9.868,0.9878243488346268,0.9878243488346268,1000,0,0,1000,8,99.134,True,Random,IC,Random - IC,10.615000000000009,False
8,../data/synthetic/2018-05-01_small/net3/net3-10-10.xes.gz,../data/synthetic/2018-05-01_small/net3/net3.apnml,net3-10-10,net3,False,sese_25,Score-based,Strict exclude by conflicts,False,True,True,900000,80000,10,4,100,0,100,100,200,9.868,9.868,0.9878243488346268,0.9878243488346268,1000,0,0,1000,4,96.221,True,Balanced,SIC,Balanced - SIC,10.615000000000009,False
8,../data/synthetic/2018-05-01_small/net3/net3-10-10.xes.gz,../data/synthetic/2018-05-01_small/net3/net3.apnml,net3-10-10,net3,False,sese_25,Top one most frequent conflicts set,Strict exclude by conflicts,False,True,True,900000,80000,10,4,100,0,100,100,200,9.868,9.868,0.9878243488346268,0.9878243488346268,1000,0,0,1000,33,185.974,True,MFCS-1,SIC,MFCS-1 - SIC,10.615000000000009,False
8,../data/synthetic/2018-05-01_small/net3/net3-10-10.xes.gz,../data/synthetic/2018-05-01_small/net3/net3.apnml,net3-10-10,net3,False,sese_25,Top ten most frequent conflicts set,Strict exclude by conflicts,False,True,True,900000,80000,10,4,100,0,100,100,200,9.868,9.868,0.9878243488346268,0.9878243488346268,1000,0,0,1000,6,85.606,True,MFCS-10,SIC,MFCS-10 - SIC,10.615000000000009,True
8,../data/synthetic/2018-05-01_small/net3/net3-10-10.xes.gz,../data/synthetic/2018-05-01_small/net3/net3.apnml,net3-10-10,net3,False,sese_25,Top three most frequent conflicts set,Strict exclude by conflicts,False,True,True,900000,80000,10,4,100,0,100,100,200,9.868,9.868,0.9878243488346268,0.9878243488346268,1000,0,0,1000,12,98.213,True,MFCS-3,SIC,MFCS-3 - SIC,10.615000000000009,False
12,../data/synthetic/2018-05-01_small/net3/net3-10-60.xes.gz,../data/synthetic/2018-05-01_small/net3/net3.apnml,net3-10-60,net3,False,sese_25,All conflicts,Group by conflicts,False,True,True,900000,80000,10,4,100,0,100,100,200,42.974,42.974,0.9487807203642344,0.9487807203642344,1000,0,0,1000,2,390.811,True,All,IC,All - IC,3.8460000000000036,False
9,../data/synthetic/2018-05-01_small/net3/net3-10-60.xes.gz,../data/synthetic/2018-05-01_small/net3/net3.apnml,net3-10-60,net3,False,sese_25,Merge conflict graph,Group by conflicts,False,True,True,900000,80000,10,4,100,0,100,100,200,42.703,58.628,0.930123239,0.9491037162,972,28,0,1000,11,900.0,False,MCG,IC,MCG - IC,3.8460000000000036,False
12,../data/synthetic/2018-05-01_small/net3/net3-10-60.xes.gz,../data/synthetic/2018-05-01_small/net3/net3.apnml,net3-10-60,net3,True,,Monolithic,Monolithic,False,False,False,-1,-1,-1,-1,-1,-1,-1,-1,-1,42.97400000000002,42.97400000000002,,,1000,-1,-1,1000,-1,472.219,True,Monolithic,Monolithic,Monolithic,3.8460000000000036,False
12,../data/synthetic/2018-05-01_small/net3/net3-10-60.xes.gz,../data/synthetic/2018-05-01_small/net3/net3.apnml,net3-10-60,net3,False,sese_25,Most frequent conflicts,Group by conflicts,False,True,True,900000,80000,10,4,100,0,100,100,200,39.792,84.624,0.8991394722414245,0.9525732402088151,915,85,0,1000,45,900.0,False,MFC,IC,MFC - IC,3.8460000000000036,False
12,../data/synthetic/2018-05-01_small/net3/net3-10-60.xes.gz,../data/synthetic/2018-05-01_small/net3/net3.apnml,net3-10-60,net3,False,sese_25,Random conflicts,Group by conflicts,False,True,True,900000,80000,10,4,100,0,100,100,200,42.974,42.974,0.9487807203642344,0.9487807203642344,1000,0,0,1000,6,611.672,True,Random,IC,Random - IC,3.8460000000000036,False
9,../data/synthetic/2018-05-01_small/net3/net3-10-60.xes.gz,../data/synthetic/2018-05-01_small/net3/net3.apnml,net3-10-60,net3,False,sese_25,Score-based,Strict exclude by conflicts,False,True,True,900000,80000,10,4,100,0,100,100,200,42.974,42.974,0.9487807203642344,0.9487807203642344,1000,0,0,1000,3,355.209,True,Balanced,SIC,Balanced - SIC,3.8460000000000036,False
9,../data/synthetic/2018-05-01_small/net3/net3-10-60.xes.gz,../data/synthetic/2018-05-01_small/net3/net3.apnml,net3-10-60,net3,False,sese_25,Top one most frequent conflicts set,Strict exclude by conflicts,False,True,True,900000,80000,10,4,100,0,100,100,200,42.974,42.974,0.9487807203642344,0.9487807203642344,1000,0,0,1000,16,378.478,True,MFCS-1,SIC,MFCS-1 - SIC,3.8460000000000036,False
9,../data/synthetic/2018-05-01_small/net3/net3-10-60.xes.gz,../data/synthetic/2018-05-01_small/net3/net3.apnml,net3-10-60,net3,False,sese_25,Top ten most frequent conflicts set,Strict exclude by conflicts,False,True,True,900000,80000,10,4,100,0,100,100,200,42.974,42.974,0.9487807203642344,0.9487807203642344,1000,0,0,1000,4,375.013,True,MFCS-10,SIC,MFCS-10 - SIC,3.8460000000000036,False
9,../data/synthetic/2018-05-01_small/net3/net3-10-60.xes.gz,../data/synthetic/2018-05-01_small/net3/net3.apnml,net3-10-60,net3,False,sese_25,Top three most frequent conflicts set,Strict exclude by conflicts,False,True,True,900000,80000,10,4,100,0,100,100,200,42.974,42.974,0.9487807203642344,0.9487807203642344,1000,0,0,1000,9,351.363,True,MFCS-3,SIC,MFCS-3 - SIC,3.8460000000000036,True
13,../data/synthetic/2018-05-01_small/net3/net3-60-10.xes.gz,../data/synthetic/2018-05-01_small/net3/net3.apnml,net3-60-10,net3,False,sese_25,All conflicts,Group by conflicts,False,True,True,900000,80000,10,4,100,0,100,100,200,58.018,58.018,0.9300558174299871,0.9300558174299871,1000,0,0,1000,2,454.238,True,All,IC,All - IC,55.28200000000004,False
10,../data/synthetic/2018-05-01_small/net3/net3-60-10.xes.gz,../data/synthetic/2018-05-01_small/net3/net3.apnml,net3-60-10,net3,False,sese_25,Merge conflict graph,Group by conflicts,False,True,True,900000,80000,10,4,100,0,100,100,200,58.018,58.018,0.9300558174,0.9300558174,1000,0,0,1000,22,718.434,True,MCG,IC,MCG - IC,55.28200000000004,False
13,../data/synthetic/2018-05-01_small/net3/net3-60-10.xes.gz,../data/synthetic/2018-05-01_small/net3/net3.apnml,net3-60-10,net3,True,,Monolithic,Monolithic,False,False,False,-1,-1,-1,-1,-1,-1,-1,-1,-1,58.017999999999994,58.017999999999994,,,1000,-1,-1,1000,-1,500.186,True,Monolithic,Monolithic,Monolithic,55.28200000000004,False
13,../data/synthetic/2018-05-01_small/net3/net3-60-10.xes.gz,../data/synthetic/2018-05-01_small/net3/net3.apnml,net3-60-10,net3,False,sese_25,Most frequent conflicts,Group by conflicts,False,True,True,900000,80000,10,4,100,0,100,100,200,56.444,245.954,0.7034876852041616,0.9319533689375399,768,232,0,1000,54,900.0,False,MFC,IC,MFC - IC,55.28200000000004,False
13,../data/synthetic/2018-05-01_small/net3/net3-60-10.xes.gz,../data/synthetic/2018-05-01_small/net3/net3.apnml,net3-60-10,net3,False,sese_25,Random conflicts,Group by conflicts,False,True,True,900000,80000,10,4,100,0,100,100,200,58.018,58.018,0.9300558174299871,0.9300558174299871,1000,0,0,1000,8,510.536,True,Random,IC,Random - IC,55.28200000000004,False
10,../data/synthetic/2018-05-01_small/net3/net3-60-10.xes.gz,../data/synthetic/2018-05-01_small/net3/net3.apnml,net3-60-10,net3,False,sese_25,Score-based,Strict exclude by conflicts,False,True,True,900000,80000,10,4,100,0,100,100,200,58.018,58.018,0.9300558174299871,0.9300558174299871,1000,0,0,1000,5,430.717,True,Balanced,SIC,Balanced - SIC,55.28200000000004,False
10,../data/synthetic/2018-05-01_small/net3/net3-60-10.xes.gz,../data/synthetic/2018-05-01_small/net3/net3.apnml,net3-60-10,net3,False,sese_25,Top one most frequent conflicts set,Strict exclude by conflicts,False,True,True,900000,80000,10,4,100,0,100,100,200,58.018,58.018,0.9300558174299871,0.9300558174299871,1000,0,0,1000,42,512.824,True,MFCS-1,SIC,MFCS-1 - SIC,55.28200000000004,False
10,../data/synthetic/2018-05-01_small/net3/net3-60-10.xes.gz,../data/synthetic/2018-05-01_small/net3/net3.apnml,net3-60-10,net3,False,sese_25,Top ten most frequent conflicts set,Strict exclude by conflicts,False,True,True,900000,80000,10,4,100,0,100,100,200,58.018,58.018,0.9300558174299871,0.9300558174299871,1000,0,0,1000,7,349.239,True,MFCS-10,SIC,MFCS-10 - SIC,55.28200000000004,True
10,../data/synthetic/2018-05-01_small/net3/net3-60-10.xes.gz,../data/synthetic/2018-05-01_small/net3/net3.apnml,net3-60-10,net3,False,sese_25,Top three most frequent conflicts set,Strict exclude by conflicts,False,True,True,900000,80000,10,4,100,0,100,100,200,58.018,58.018,0.9300558174299871,0.9300558174299871,1000,0,0,1000,15,404.521,True,MFCS-3,SIC,MFCS-3 - SIC,55.28200000000004,False
16,../data/synthetic/2018-05-01_small/net4/net4-10-10.xes.gz,../data/synthetic/2018-05-01_small/net4/net4.apnml,net4-10-10,net4,False,sese_25,All conflicts,Group by conflicts,False,True,True,900000,80000,10,4,100,0,100,100,200,7.554,7.554,0.9909821290006805,0.9909821290006805,1000,0,0,1000,2,80.243,True,All,IC,All - IC,8.834000000000003,False
12,../data/synthetic/2018-05-01_small/net4/net4-10-10.xes.gz,../data/synthetic/2018-05-01_small/net4/net4.apnml,net4-10-10,net4,False,sese_25,Merge conflict graph,Group by conflicts,False,True,True,900000,80000,10,4,100,0,100,100,200,7.554,7.554,0.990982129,0.990982129,1000,0,0,1000,12,98.419,True,MCG,IC,MCG - IC,8.834000000000003,False
16,../data/synthetic/2018-05-01_small/net4/net4-10-10.xes.gz,../data/synthetic/2018-05-01_small/net4/net4.apnml,net4-10-10,net4,True,,Monolithic,Monolithic,False,False,False,-1,-1,-1,-1,-1,-1,-1,-1,-1,7.554000000000003,7.554000000000003,,,1000,-1,-1,1000,-1,188.741,True,Monolithic,Monolithic,Monolithic,8.834000000000003,False
16,../data/synthetic/2018-05-01_small/net4/net4-10-10.xes.gz,../data/synthetic/2018-05-01_small/net4/net4.apnml,net4-10-10,net4,False,sese_25,Most frequent conflicts,Group by conflicts,False,True,True,900000,80000,10,4,100,0,100,100,200,7.554,7.554,0.9909821290006805,0.9909821290006805,1000,0,0,1000,44,349.914,True,MFC,IC,MFC - IC,8.834000000000003,False
16,../data/synthetic/2018-05-01_small/net4/net4-10-10.xes.gz,../data/synthetic/2018-05-01_small/net4/net4.apnml,net4-10-10,net4,False,sese_25,Random conflicts,Group by conflicts,False,True,True,900000,80000,10,4,100,0,100,100,200,7.554,7.554,0.9909821290006805,0.9909821290006805,1000,0,0,1000,6,76.637,True,Random,IC,Random - IC,8.834000000000003,False
12,../data/synthetic/2018-05-01_small/net4/net4-10-10.xes.gz,../data/synthetic/2018-05-01_small/net4/net4.apnml,net4-10-10,net4,False,sese_25,Score-based,Strict exclude by conflicts,False,True,True,900000,80000,10,4,100,0,100,100,200,7.554,7.554,0.9909821290006805,0.9909821290006805,1000,0,0,1000,4,77.488,True,Balanced,SIC,Balanced - SIC,8.834000000000003,False
12,../data/synthetic/2018-05-01_small/net4/net4-10-10.xes.gz,../data/synthetic/2018-05-01_small/net4/net4.apnml,net4-10-10,net4,False,sese_25,Top one most frequent conflicts set,Strict exclude by conflicts,False,True,True,900000,80000,10,4,100,0,100,100,200,7.554,7.554,0.9909821290006805,0.9909821290006805,1000,0,0,1000,35,160.032,True,MFCS-1,SIC,MFCS-1 - SIC,8.834000000000003,False
12,../data/synthetic/2018-05-01_small/net4/net4-10-10.xes.gz,../data/synthetic/2018-05-01_small/net4/net4.apnml,net4-10-10,net4,False,sese_25,Top ten most frequent conflicts set,Strict exclude by conflicts,False,True,True,900000,80000,10,4,100,0,100,100,200,7.554,7.554,0.9909821290006805,0.9909821290006805,1000,0,0,1000,6,67.803,True,MFCS-10,SIC,MFCS-10 - SIC,8.834000000000003,True
12,../data/synthetic/2018-05-01_small/net4/net4-10-10.xes.gz,../data/synthetic/2018-05-01_small/net4/net4.apnml,net4-10-10,net4,False,sese_25,Top three most frequent conflicts set,Strict exclude by conflicts,False,True,True,900000,80000,10,4,100,0,100,100,200,7.554,7.554,0.9909821290006805,0.9909821290006805,1000,0,0,1000,12,77.225,True,MFCS-3,SIC,MFCS-3 - SIC,8.834000000000003,False
17,../data/synthetic/2018-05-01_small/net4/net4-10-60.xes.gz,../data/synthetic/2018-05-01_small/net4/net4.apnml,net4-10-60,net4,False,sese_25,All conflicts,Group by conflicts,False,True,True,900000,80000,10,4,100,0,100,100,200,40.124,40.124,0.952121617106582,0.952121617106582,1000,0,0,1000,2,343.824,True,All,IC,All - IC,17.366999999999962,False
13,../data/synthetic/2018-05-01_small/net4/net4-10-60.xes.gz,../data/synthetic/2018-05-01_small/net4/net4.apnml,net4-10-60,net4,False,sese_25,Merge conflict graph,Group by conflicts,False,True,True,900000,80000,10,4,100,0,100,100,200,40.124,40.124,0.9521216171,0.9521216171,1000,0,0,1000,16,741.5,True,MCG,IC,MCG - IC,17.366999999999962,False
17,../data/synthetic/2018-05-01_small/net4/net4-10-60.xes.gz,../data/synthetic/2018-05-01_small/net4/net4.apnml,net4-10-60,net4,True,,Monolithic,Monolithic,False,False,False,-1,-1,-1,-1,-1,-1,-1,-1,-1,40.12399999999997,40.12399999999997,,,1000,-1,-1,1000,-1,428.641,True,Monolithic,Monolithic,Monolithic,17.366999999999962,False
17,../data/synthetic/2018-05-01_small/net4/net4-10-60.xes.gz,../data/synthetic/2018-05-01_small/net4/net4.apnml,net4-10-60,net4,False,sese_25,Most frequent conflicts,Group by conflicts,False,True,True,900000,80000,10,4,100,0,100,100,200,38.497,77.0,0.9081189442031407,0.954063051882965,911,89,0,1000,48,900.0,False,MFC,IC,MFC - IC,17.366999999999962,False
17,../data/synthetic/2018-05-01_small/net4/net4-10-60.xes.gz,../data/synthetic/2018-05-01_small/net4/net4.apnml,net4-10-60,net4,False,sese_25,Random conflicts,Group by conflicts,False,True,True,900000,80000,10,4,100,0,100,100,200,40.124,40.124,0.952121617106582,0.952121617106582,1000,0,0,1000,9,608.426,True,Random,IC,Random - IC,17.366999999999962,False
13,../data/synthetic/2018-05-01_small/net4/net4-10-60.xes.gz,../data/synthetic/2018-05-01_small/net4/net4.apnml,net4-10-60,net4,False,sese_25,Score-based,Strict exclude by conflicts,False,True,True,900000,80000,10,4,100,0,100,100,200,40.124,40.124,0.952121617106582,0.952121617106582,1000,0,0,1000,3,306.639,True,Balanced,SIC,Balanced - SIC,17.366999999999962,True
13,../data/synthetic/2018-05-01_small/net4/net4-10-60.xes.gz,../data/synthetic/2018-05-01_small/net4/net4.apnml,net4-10-60,net4,False,sese_25,Top one most frequent conflicts set,Strict exclude by conflicts,False,True,True,900000,80000,10,4,100,0,100,100,200,40.124,40.124,0.952121617106582,0.952121617106582,1000,0,0,1000,16,337.405,True,MFCS-1,SIC,MFCS-1 - SIC,17.366999999999962,False
13,../data/synthetic/2018-05-01_small/net4/net4-10-60.xes.gz,../data/synthetic/2018-05-01_small/net4/net4.apnml,net4-10-60,net4,False,sese_25,Top ten most frequent conflicts set,Strict exclude by conflicts,False,True,True,900000,80000,10,4,100,0,100,100,200,40.124,40.124,0.952121617106582,0.952121617106582,1000,0,0,1000,4,324.006,True,MFCS-10,SIC,MFCS-10 - SIC,17.366999999999962,False
13,../data/synthetic/2018-05-01_small/net4/net4-10-60.xes.gz,../data/synthetic/2018-05-01_small/net4/net4.apnml,net4-10-60,net4,False,sese_25,Top three most frequent conflicts set,Strict exclude by conflicts,False,True,True,900000,80000,10,4,100,0,100,100,200,40.124,40.124,0.952121617106582,0.952121617106582,1000,0,0,1000,8,338.407,True,MFCS-3,SIC,MFCS-3 - SIC,17.366999999999962,False
18,../data/synthetic/2018-05-01_small/net4/net4-60-10.xes.gz,../data/synthetic/2018-05-01_small/net4/net4.apnml,net4-60-10,net4,False,sese_25,All conflicts,Group by conflicts,False,True,True,900000,80000,10,4,100,0,100,100,200,58.242,58.242,0.9303833327356833,0.9303833327356833,1000,0,0,1000,2,463.981,True,All,IC,All - IC,27.17700000000002,False
14,../data/synthetic/2018-05-01_small/net4/net4-60-10.xes.gz,../data/synthetic/2018-05-01_small/net4/net4.apnml,net4-60-10,net4,False,sese_25,Merge conflict graph,Group by conflicts,False,True,True,900000,80000,10,4,100,0,100,100,200,58.242,58.242,0.9303833327,0.9303833327,1000,0,0,1000,22,645.57,True,MCG,IC,MCG - IC,27.17700000000002,False
18,../data/synthetic/2018-05-01_small/net4/net4-60-10.xes.gz,../data/synthetic/2018-05-01_small/net4/net4.apnml,net4-60-10,net4,True,,Monolithic,Monolithic,False,False,False,-1,-1,-1,-1,-1,-1,-1,-1,-1,58.242000000000026,58.242000000000026,,,1000,-1,-1,1000,-1,502.682,True,Monolithic,Monolithic,Monolithic,27.17700000000002,False
18,../data/synthetic/2018-05-01_small/net4/net4-60-10.xes.gz,../data/synthetic/2018-05-01_small/net4/net4.apnml,net4-60-10,net4,False,sese_25,Most frequent conflicts,Group by conflicts,False,True,True,900000,80000,10,4,100,0,100,100,200,55.811,302.878,0.6379699023439834,0.9332891072303702,692,308,0,1000,50,900.0,False,MFC,IC,MFC - IC,27.17700000000002,False
18,../data/synthetic/2018-05-01_small/net4/net4-60-10.xes.gz,../data/synthetic/2018-05-01_small/net4/net4.apnml,net4-60-10,net4,False,sese_25,Random conflicts,Group by conflicts,False,True,True,900000,80000,10,4,100,0,100,100,200,58.242,58.242,0.9303833327356833,0.9303833327356833,1000,0,0,1000,8,570.77,True,Random,IC,Random - IC,27.17700000000002,False
14,../data/synthetic/2018-05-01_small/net4/net4-60-10.xes.gz,../data/synthetic/2018-05-01_small/net4/net4.apnml,net4-60-10,net4,False,sese_25,Score-based,Strict exclude by conflicts,False,True,True,900000,80000,10,4,100,0,100,100,200,58.242,58.242,0.9303833327356833,0.9303833327356833,1000,0,0,1000,4,425.738,True,Balanced,SIC,Balanced - SIC,27.17700000000002,False
14,../data/synthetic/2018-05-01_small/net4/net4-60-10.xes.gz,../data/synthetic/2018-05-01_small/net4/net4.apnml,net4-60-10,net4,False,sese_25,Top one most frequent conflicts set,Strict exclude by conflicts,False,True,True,900000,80000,10,4,100,0,100,100,200,58.242,58.242,0.9303833327356833,0.9303833327356833,1000,0,0,1000,37,500.556,True,MFCS-1,SIC,MFCS-1 - SIC,27.17700000000002,False
14,../data/synthetic/2018-05-01_small/net4/net4-60-10.xes.gz,../data/synthetic/2018-05-01_small/net4/net4.apnml,net4-60-10,net4,False,sese_25,Top ten most frequent conflicts set,Strict exclude by conflicts,False,True,True,900000,80000,10,4,100,0,100,100,200,58.242,58.242,0.9303833327356833,0.9303833327356833,1000,0,0,1000,6,374.873,True,MFCS-10,SIC,MFCS-10 - SIC,27.17700000000002,True
14,../data/synthetic/2018-05-01_small/net4/net4-60-10.xes.gz,../data/synthetic/2018-05-01_small/net4/net4.apnml,net4-60-10,net4,False,sese_25,Top three most frequent conflicts set,Strict exclude by conflicts,False,True,True,900000,80000,10,4,100,0,100,100,200,58.242,58.242,0.9303833327356833,0.9303833327356833,1000,0,0,1000,16,402.05,True,MFCS-3,SIC,MFCS-3 - SIC,27.17700000000002,False
21,../data/synthetic/2018-05-01_small/net5/net5-10-10.xes.gz,../data/synthetic/2018-05-01_small/net5/net5.apnml,net5-10-10,net5,False,sese_25,All conflicts,Group by conflicts,False,True,True,900000,80000,10,4,100,0,100,100,200,9.87,9.87,0.9884619431163275,0.9884619431163275,1000,0,0,1000,2,126.005,True,All,IC,All - IC,5.757999999999996,False
16,../data/synthetic/2018-05-01_small/net5/net5-10-10.xes.gz,../data/synthetic/2018-05-01_small/net5/net5.apnml,net5-10-10,net5,False,sese_25,Merge conflict graph,Group by conflicts,False,True,True,900000,80000,10,4,100,0,100,100,200,9.87,9.87,0.9884619431,0.9884619431,1000,0,0,1000,12,173.716,True,MCG,IC,MCG - IC,5.757999999999996,False
21,../data/synthetic/2018-05-01_small/net5/net5-10-10.xes.gz,../data/synthetic/2018-05-01_small/net5/net5.apnml,net5-10-10,net5,True,,Monolithic,Monolithic,False,False,False,-1,-1,-1,-1,-1,-1,-1,-1,-1,9.86999999999999,9.86999999999999,,,1000,-1,-1,1000,-1,227.42,True,Monolithic,Monolithic,Monolithic,5.757999999999996,False
21,../data/synthetic/2018-05-01_small/net5/net5-10-10.xes.gz,../data/synthetic/2018-05-01_small/net5/net5.apnml,net5-10-10,net5,False,sese_25,Most frequent conflicts,Group by conflicts,False,True,True,900000,80000,10,4,100,0,100,100,200,9.87,9.87,0.9884619431163275,0.9884619431163275,1000,0,0,1000,48,509.23,True,MFC,IC,MFC - IC,5.757999999999996,False
21,../data/synthetic/2018-05-01_small/net5/net5-10-10.xes.gz,../data/synthetic/2018-05-01_small/net5/net5.apnml,net5-10-10,net5,False,sese_25,Random conflicts,Group by conflicts,False,True,True,900000,80000,10,4,100,0,100,100,200,9.87,9.87,0.9884619431163275,0.9884619431163275,1000,0,0,1000,7,208.895,True,Random,IC,Random - IC,5.757999999999996,False
16,../data/synthetic/2018-05-01_small/net5/net5-10-10.xes.gz,../data/synthetic/2018-05-01_small/net5/net5.apnml,net5-10-10,net5,False,sese_25,Score-based,Strict exclude by conflicts,False,True,True,900000,80000,10,4,100,0,100,100,200,9.87,9.87,0.9884619431163275,0.9884619431163275,1000,0,0,1000,4,119.969,True,Balanced,SIC,Balanced - SIC,5.757999999999996,False
16,../data/synthetic/2018-05-01_small/net5/net5-10-10.xes.gz,../data/synthetic/2018-05-01_small/net5/net5.apnml,net5-10-10,net5,False,sese_25,Top one most frequent conflicts set,Strict exclude by conflicts,False,True,True,900000,80000,10,4,100,0,100,100,200,9.87,9.87,0.9884619431163275,0.9884619431163275,1000,0,0,1000,25,173.436,True,MFCS-1,SIC,MFCS-1 - SIC,5.757999999999996,False
16,../data/synthetic/2018-05-01_small/net5/net5-10-10.xes.gz,../data/synthetic/2018-05-01_small/net5/net5.apnml,net5-10-10,net5,False,sese_25,Top ten most frequent conflicts set,Strict exclude by conflicts,False,True,True,900000,80000,10,4,100,0,100,100,200,9.87,9.87,0.9884619431163275,0.9884619431163275,1000,0,0,1000,6,114.211,True,MFCS-10,SIC,MFCS-10 - SIC,5.757999999999996,True
16,../data/synthetic/2018-05-01_small/net5/net5-10-10.xes.gz,../data/synthetic/2018-05-01_small/net5/net5.apnml,net5-10-10,net5,False,sese_25,Top three most frequent conflicts set,Strict exclude by conflicts,False,True,True,900000,80000,10,4,100,0,100,100,200,9.87,9.87,0.9884619431163275,0.9884619431163275,1000,0,0,1000,14,125.785,True,MFCS-3,SIC,MFCS-3 - SIC,5.757999999999996,False
22,../data/synthetic/2018-05-01_small/net5/net5-10-60.xes.gz,../data/synthetic/2018-05-01_small/net5/net5.apnml,net5-10-60,net5,False,sese_25,All conflicts,Group by conflicts,False,True,True,900000,80000,10,4,100,0,100,100,200,41.368,41.368,0.9511991411954842,0.9511991411954842,1000,0,0,1000,2,368.985,True,All,IC,All - IC,6.3489999999999895,False
17,../data/synthetic/2018-05-01_small/net5/net5-10-60.xes.gz,../data/synthetic/2018-05-01_small/net5/net5.apnml,net5-10-60,net5,False,sese_25,Merge conflict graph,Group by conflicts,False,True,True,900000,80000,10,4,100,0,100,100,200,41.368,41.368,0.9511991412,0.9511991412,1000,0,0,1000,17,771.846,True,MCG,IC,MCG - IC,6.3489999999999895,False
22,../data/synthetic/2018-05-01_small/net5/net5-10-60.xes.gz,../data/synthetic/2018-05-01_small/net5/net5.apnml,net5-10-60,net5,True,,Monolithic,Monolithic,False,False,False,-1,-1,-1,-1,-1,-1,-1,-1,-1,41.367999999999995,41.367999999999995,,,1000,-1,-1,1000,-1,450.464,True,Monolithic,Monolithic,Monolithic,6.3489999999999895,False
22,../data/synthetic/2018-05-01_small/net5/net5-10-60.xes.gz,../data/synthetic/2018-05-01_small/net5/net5.apnml,net5-10-60,net5,False,sese_25,Most frequent conflicts,Group by conflicts,False,True,True,900000,80000,10,4,100,0,100,100,200,39.385,78.148,0.9078106383229718,0.9535384397598179,913,87,0,1000,52,900.0,False,MFC,IC,MFC - IC,6.3489999999999895,False
22,../data/synthetic/2018-05-01_small/net5/net5-10-60.xes.gz,../data/synthetic/2018-05-01_small/net5/net5.apnml,net5-10-60,net5,False,sese_25,Random conflicts,Group by conflicts,False,True,True,900000,80000,10,4,100,0,100,100,200,41.368,41.368,0.9511991411954842,0.9511991411954842,1000,0,0,1000,8,468.384,True,Random,IC,Random - IC,6.3489999999999895,False
17,../data/synthetic/2018-05-01_small/net5/net5-10-60.xes.gz,../data/synthetic/2018-05-01_small/net5/net5.apnml,net5-10-60,net5,False,sese_25,Score-based,Strict exclude by conflicts,False,True,True,900000,80000,10,4,100,0,100,100,200,41.368,41.368,0.9511991411954842,0.9511991411954842,1000,0,0,1000,2,319.443,True,Balanced,SIC,Balanced - SIC,6.3489999999999895,True
17,../data/synthetic/2018-05-01_small/net5/net5-10-60.xes.gz,../data/synthetic/2018-05-01_small/net5/net5.apnml,net5-10-60,net5,False,sese_25,Top one most frequent conflicts set,Strict exclude by conflicts,False,True,True,900000,80000,10,4,100,0,100,100,200,41.368,41.368,0.9511991411954842,0.9511991411954842,1000,0,0,1000,17,394.866,True,MFCS-1,SIC,MFCS-1 - SIC,6.3489999999999895,False
17,../data/synthetic/2018-05-01_small/net5/net5-10-60.xes.gz,../data/synthetic/2018-05-01_small/net5/net5.apnml,net5-10-60,net5,False,sese_25,Top ten most frequent conflicts set,Strict exclude by conflicts,False,True,True,900000,80000,10,4,100,0,100,100,200,41.368,41.368,0.9511991411954842,0.9511991411954842,1000,0,0,1000,4,344.547,True,MFCS-10,SIC,MFCS-10 - SIC,6.3489999999999895,False
17,../data/synthetic/2018-05-01_small/net5/net5-10-60.xes.gz,../data/synthetic/2018-05-01_small/net5/net5.apnml,net5-10-60,net5,False,sese_25,Top three most frequent conflicts set,Strict exclude by conflicts,False,True,True,900000,80000,10,4,100,0,100,100,200,41.368,41.368,0.9511991411954842,0.9511991411954842,1000,0,0,1000,7,325.792,True,MFCS-3,SIC,MFCS-3 - SIC,6.3489999999999895,False
23,../data/synthetic/2018-05-01_small/net5/net5-60-10.xes.gz,../data/synthetic/2018-05-01_small/net5/net5.apnml,net5-60-10,net5,False,sese_25,All conflicts,Group by conflicts,False,True,True,900000,80000,10,4,100,0,100,100,200,57.276,57.276,0.9311553440069235,0.9311553440069235,1000,0,0,1000,2,459.956,True,All,IC,All - IC,17.777000000000044,False
18,../data/synthetic/2018-05-01_small/net5/net5-60-10.xes.gz,../data/synthetic/2018-05-01_small/net5/net5.apnml,net5-60-10,net5,False,sese_25,Merge conflict graph,Group by conflicts,False,True,True,900000,80000,10,4,100,0,100,100,200,57.276,57.276,0.931155344,0.931155344,1000,0,0,1000,23,644.735,True,MCG,IC,MCG - IC,17.777000000000044,False
23,../data/synthetic/2018-05-01_small/net5/net5-60-10.xes.gz,../data/synthetic/2018-05-01_small/net5/net5.apnml,net5-60-10,net5,True,,Monolithic,Monolithic,False,False,False,-1,-1,-1,-1,-1,-1,-1,-1,-1,57.27600000000004,57.27600000000004,,,1000,-1,-1,1000,-1,489.9,True,Monolithic,Monolithic,Monolithic,17.777000000000044,False
23,../data/synthetic/2018-05-01_small/net5/net5-60-10.xes.gz,../data/synthetic/2018-05-01_small/net5/net5.apnml,net5-60-10,net5,False,sese_25,Most frequent conflicts,Group by conflicts,False,True,True,900000,80000,10,4,100,0,100,100,200,55.391,244.682,0.7058969181210635,0.9334210779364392,756,244,0,1000,53,900.0,False,MFC,IC,MFC - IC,17.777000000000044,False
23,../data/synthetic/2018-05-01_small/net5/net5-60-10.xes.gz,../data/synthetic/2018-05-01_small/net5/net5.apnml,net5-60-10,net5,False,sese_25,Random conflicts,Group by conflicts,False,True,True,900000,80000,10,4,100,0,100,100,200,57.282,57.282,0.9311481321217366,0.9311481321217366,1000,0,0,1000,9,601.186,True,Random,IC,Random - IC,17.777000000000044,False
18,../data/synthetic/2018-05-01_small/net5/net5-60-10.xes.gz,../data/synthetic/2018-05-01_small/net5/net5.apnml,net5-60-10,net5,False,sese_25,Score-based,Strict exclude by conflicts,False,True,True,900000,80000,10,4,100,0,100,100,200,57.276,57.276,0.9311553440069235,0.9311553440069235,1000,0,0,1000,3,414.845,True,Balanced,SIC,Balanced - SIC,17.777000000000044,False
18,../data/synthetic/2018-05-01_small/net5/net5-60-10.xes.gz,../data/synthetic/2018-05-01_small/net5/net5.apnml,net5-60-10,net5,False,sese_25,Top one most frequent conflicts set,Strict exclude by conflicts,False,True,True,900000,80000,10,4,100,0,100,100,200,57.276,57.276,0.9311553440069235,0.9311553440069235,1000,0,0,1000,41,511.136,True,MFCS-1,SIC,MFCS-1 - SIC,17.777000000000044,False
18,../data/synthetic/2018-05-01_small/net5/net5-60-10.xes.gz,../data/synthetic/2018-05-01_small/net5/net5.apnml,net5-60-10,net5,False,sese_25,Top ten most frequent conflicts set,Strict exclude by conflicts,False,True,True,900000,80000,10,4,100,0,100,100,200,57.276,57.276,0.9311553440069235,0.9311553440069235,1000,0,0,1000,6,404.511,True,MFCS-10,SIC,MFCS-10 - SIC,17.777000000000044,False
18,../data/synthetic/2018-05-01_small/net5/net5-60-10.xes.gz,../data/synthetic/2018-05-01_small/net5/net5.apnml,net5-60-10,net5,False,sese_25,Top three most frequent conflicts set,Strict exclude by conflicts,False,True,True,900000,80000,10,4,100,0,100,100,200,57.276,57.276,0.9311553440069235,0.9311553440069235,1000,0,0,1000,15,386.734,True,MFCS-3,SIC,MFCS-3 - SIC,17.777000000000044,True
0,../data/real/BPIC18/BPIC18-entitlement-payment-inspection-500.xes.gz,../data/real/BPIC18/BPIC18.apnml,BPIC18,BPIC18,False,generic_100,All conflicts,Group by conflicts,False,True,True,1800000,80000,10,4,100,0,100,100,200,349.85,657.292,0.0050075688767786675,0.47040569179533753,3,0,487,490,3,1800.0,False,All,IC,All - IC,210.65600000000006,False
0,../data/real/BPIC18/BPIC18-entitlement-payment-inspection-500.xes.gz,../data/real/BPIC18/BPIC18.apnml,BPIC18,BPIC18,False,generic_100,Merge conflict graph,Group by conflicts,False,True,True,1800000,80000,10,4,100,0,100,100,200,228.66,228.66,0.6538601271571298,0.6538601271571298,490,0,0,490,19,1078.703,True,MCG,IC,MCG - IC,210.65600000000006,False
0,../data/real/BPIC18/BPIC18-entitlement-payment-inspection-500.xes.gz,../data/real/BPIC18/BPIC18.apnml,BPIC18,BPIC18,True,,Monolithic,Monolithic,False,False,False,-1,-1,-1,-1,-1,-1,-1,-1,-1,277.2840000000001,277.2840000000001,,,369,-1,-1,490,-1,1800.0,False,Monolithic,Monolithic,Monolithic,210.65600000000006,False
0,../data/real/BPIC18/BPIC18-entitlement-payment-inspection-500.xes.gz,../data/real/BPIC18/BPIC18.apnml,BPIC18,BPIC18,False,generic_100,Most frequent conflicts,Group by conflicts,False,True,True,1800000,80000,10,4,100,0,100,100,200,0.0,0.0,0.0,0.0,51,424,15,490,23,1800.0,False,MFC,IC,MFC - IC,210.65600000000006,False
0,../data/real/BPIC18/BPIC18-entitlement-payment-inspection-500.xes.gz,../data/real/BPIC18/BPIC18.apnml,BPIC18,BPIC18,False,generic_100,Random conflicts,Group by conflicts,False,True,True,1800000,80000,10,4,100,0,100,100,200,253.008,536.608,0.18769603390856793,0.6170027247956403,138,0,352,490,8,1800.0,False,Random,IC,Random - IC,210.65600000000006,False
0,../data/real/BPIC18/BPIC18-entitlement-payment-inspection-500.xes.gz,../data/real/BPIC18/BPIC18.apnml,BPIC18,BPIC18,False,generic_100,Score-based,Strict exclude by conflicts,False,True,True,1800000,80000,10,4,100,0,100,100,200,228.66,228.66,0.6538601271571298,0.6538601271571298,490,0,0,490,31,837.485,True,Balanced,SIC,Balanced - SIC,210.65600000000006,True
0,../data/real/BPIC18/BPIC18-entitlement-payment-inspection-500.xes.gz,../data/real/BPIC18/BPIC18.apnml,BPIC18,BPIC18,False,generic_100,Top one most frequent conflicts set,Strict exclude by conflicts,False,True,True,1800000,80000,10,4,100,0,100,100,200,228.66,228.66,0.6538601271571298,0.6538601271571298,490,0,0,490,37,1048.141,True,MFCS-1,SIC,MFCS-1 - SIC,210.65600000000006,False
0,../data/real/BPIC18/BPIC18-entitlement-payment-inspection-500.xes.gz,../data/real/BPIC18/BPIC18.apnml,BPIC18,BPIC18,False,generic_100,Top three most frequent conflicts set,Strict exclude by conflicts,False,True,True,1800000,80000,10,4,100,0,100,100,200,243.462,586.484,0.11219497426581893,0.6314532243415077,74,0,416,490,13,1800.0,False,MFCS-3,SIC,MFCS-3 - SIC,210.65600000000006,False
