_id,LogPath,ModelPath,Log,Model,Monolithic,Decomposition,RecomposeStrategy,LogCreationStrategy,PreferBorderTransitions,AddConflictOnlyOnce,UseHideAndReduceAbstraction,GlobalDurationThreshold,LocalDurationThreshold,LogMoveCost,ModelMoveCost,RelativeIntervalThreshold,AbsoluteIntervalThreshold,MaxConflictThreshold,AlignmentPercentageThreshold,MaxIterationThreshold,CostIntervalLo,CostIntervalHi,FitnessLo,FitnessHi,Aligned,ToAlign,Rejected,TotalTraces,RecompositionStepsTaken,TotalTimeTaken,TotalGeneratedStates,TotalQueuedStates,TotalTraversedArcs,AvgGenerateStates,AvgQueuedStates,AvgTraversedArcs
0, ../data/synthetic/2018-05-01_small/net1/net1-10-10.xes.gz, ../data/synthetic/2018-05-01_small/net1/net1.apnml, net1-10-10, net1, false, sese_25, Merge conflict graph, Include all, false, true, true, 900000, 80000, 10, 4, 100, 0, 100, 100, 200, 9.046, 9.046, 0.9886547771339704, 0.9886547771339704, 1000, 0, 0, 1000, 15, 146161, 300705.0, 671896.0, 755656.0, 300.705, 671.896, 755.656
1, ../data/synthetic/2018-05-01_small/net1/net1-10-60.xes.gz, ../data/synthetic/2018-05-01_small/net1/net1.apnml, net1-10-60, net1, false, sese_25, Merge conflict graph, Include all, false, true, true, 900000, 80000, 10, 4, 100, 0, 100, 100, 200, 39.586, 58.214, 0.9275070669837988, 0.9507042078129087, 957, 43, 0, 1000, 11, 901182, 781313.0, 1190101.0, 1498574.0, 781.313, 1190.101, 1498.574
2, ../data/synthetic/2018-05-01_small/net1/net1-60-10.xes.gz, ../data/synthetic/2018-05-01_small/net1/net1.apnml, net1-60-10, net1, false, sese_25, Merge conflict graph, Include all, false, true, true, 900000, 80000, 10, 4, 100, 0, 100, 100, 200, 58.538, 133.106, 0.8342906940553999, 0.9271235605353252, 912, 88, 0, 1000, 17, 915722, 624109.0, 1020611.0, 1476210.0, 624.109, 1020.611, 1476.21
3, ../data/synthetic/2018-05-01_small/net2/net2-10-10.xes.gz, ../data/synthetic/2018-05-01_small/net2/net2.apnml, net2-10-10, net2, false, sese_25, Merge conflict graph, Include all, false, true, true, 900000, 80000, 10, 4, 100, 0, 100, 100, 200, 10.412, 10.412, 0.987067123764098, 0.987067123764098, 1000, 0, 0, 1000, 16, 181461, 329823.0, 715365.0, 805532.0, 329.823, 715.365, 805.532
4, ../data/synthetic/2018-05-01_small/net2/net2-10-60.xes.gz, ../data/synthetic/2018-05-01_small/net2/net2.apnml, net2-10-60, net2, false, sese_25, Merge conflict graph, Include all, false, true, true, 900000, 80000, 10, 4, 100, 0, 100, 100, 200, 42.569, 64.116, 0.920363677013079, 0.9471264796114817, 951, 49, 0, 1000, 13, 918505, 843746.0, 1267159.0, 1586314.0, 843.746, 1267.159, 1586.314
5, ../data/synthetic/2018-05-01_small/net2/net2-60-10.xes.gz, ../data/synthetic/2018-05-01_small/net2/net2.apnml, net2-60-10, net2, false, sese_25, Merge conflict graph, Include all, false, true, true, 900000, 80000, 10, 4, 100, 0, 100, 100, 200, 54.752, 293.3, 0.6507501786139557, 0.9348035246487258, 692, 308, 0, 1000, 15, 902798, 523778.0, 918951.0, 1262899.0, 523.778, 918.951, 1262.899
6, ../data/synthetic/2018-05-01_small/net3/net3-10-10.xes.gz, ../data/synthetic/2018-05-01_small/net3/net3.apnml, net3-10-10, net3, false, sese_25, Merge conflict graph, Include all, false, true, true, 900000, 80000, 10, 4, 100, 0, 100, 100, 200, 9.868, 9.868, 0.9878243488346268, 0.9878243488346268, 1000, 0, 0, 1000, 19, 305909, 340525.0, 732986.0, 831019.0, 340.525, 732.986, 831.019
7, ../data/synthetic/2018-05-01_small/net3/net3-10-60.xes.gz, ../data/synthetic/2018-05-01_small/net3/net3.apnml, net3-10-60, net3, false, sese_25, Merge conflict graph, Include all, false, true, true, 900000, 80000, 10, 4, 100, 0, 100, 100, 200, 42.706, 64.41, 0.9232318657481348, 0.9491001406402708, 965, 35, 0, 1000, 10, 1041770, 1014640.0, 1464209.0, 1868054.0, 1014.64, 1464.209, 1868.054
8, ../data/synthetic/2018-05-01_small/net3/net3-60-10.xes.gz, ../data/synthetic/2018-05-01_small/net3/net3.apnml, net3-60-10, net3, false, sese_25, Merge conflict graph, Include all, false, true, true, 900000, 80000, 10, 4, 100, 0, 100, 100, 200, 56.646, 226.682, 0.7267212383512761, 0.9317098458088705, 796, 204, 0, 1000, 17, 1080718, 697119.0, 1137406.0, 1622572.0, 697.119, 1137.406, 1622.572
